[
  {
    "id": "p1",
    "type": "house",
    "price": 950000,
    "bedrooms": 4,
    "dateAdded": "2026-11-10",
    "postcodeArea": "CMB",
    "title": "Modern 4-bed House in Colombo",
    "shortDescription": "Spacious modern house in Colombo.",
    "longDescription": "A beautifully renovated 4-bedroom home with open-plan living, garden, and parking.",
    "location": "Colombo, Sri Lanka",
    "mainImage": "/images/p1/1.jpg",
    "images": ["/images/p1/1.jpg","/images/p1/2.jpg","/images/p1/3.jpg","/images/p1/4.jpg","/images/p1/5.jpg","/images/p1/6.jpg"],
    "floorPlan": "/images/p1/floorplan.jpg",
    "mapEmbedUrl": "https://maps.google.com/maps?q=Colombo%20Sri%20Lanka&output=embed"
  },
  {
    "id": "p2",
    "type": "flat",
    "price": 420000,
    "bedrooms": 2,
    "dateAdded": "2026-12-01",
    "postcodeArea": "KDY",
    "title": "2-bed Flat in Kandy",
    "shortDescription": "Bright flat with balcony and lift access.",
    "longDescription": "Great first home or investment. Modern kitchen, balcony, secure entry.",
    "location": "Kandy, Sri Lanka",
    "mainImage": "/images/p2/1.jpg",
    "images": ["/images/p2/1.jpg","/images/p2/2.jpg","/images/p2/3.jpg","/images/p2/4.jpg","/images/p2/5.jpg","/images/p2/6.jpg"],
    "floorPlan": "/images/p2/floorplan.jpg",
    "mapEmbedUrl": "https://maps.google.com/maps?q=Kandy%20Sri%20Lanka&output=embed"
  },
  {
    "id": "p3",
    "type": "house",
    "price": 650000,
    "bedrooms": 3,
    "dateAdded": "2026-11-25",
    "postcodeArea": "GLL",
    "title": "3-bed House in Galle",
    "shortDescription": "Townhouse with terrace and storage.",
    "longDescription": "Comfortable townhouse across multiple levels. Ideal for families.",
    "location": "Galle, Sri Lanka",
    "mainImage": "/images/p3/1.jpg",
    "images": ["/images/p3/1.jpg","/images/p3/2.jpg","/images/p3/3.jpg","/images/p3/4.jpg","/images/p3/5.jpg","/images/p3/6.jpg"],
    "floorPlan": "/images/p3/floorplan.jpg",
    "mapEmbedUrl": "https://maps.google.com/maps?q=Galle%20Sri%20Lanka&output=embed"
  },
  {
    "id": "p4",
    "type": "flat",
    "price": 310000,
    "bedrooms": 1,
    "dateAdded": "2026-12-15",
    "postcodeArea": "NEG",
    "title": "1-bed Studio in Negombo",
    "shortDescription": "Compact studio near city amenities.",
    "longDescription": "Excellent location, easy commute, perfect starter home.",
    "location": "Negombo, Sri Lanka",
    "mainImage": "/images/p4/1.jpg",
    "images": ["/images/p4/1.jpg","/images/p4/2.jpg","/images/p4/3.jpg","/images/p4/4.jpg","/images/p4/5.jpg","/images/p4/6.jpg"],
    "floorPlan": "/images/p4/floorplan.jpg",
    "mapEmbedUrl": "https://maps.google.com/maps?q=Negombo%20Sri%20Lanka&output=embed"
  },
  {
    "id": "p5",
    "type": "house",
    "price": 1200000,
    "bedrooms": 5,
    "dateAdded": "2026-10-30",
    "postcodeArea": "NUW",
    "title": "Luxury 5-bed Villa in Nuwara Eliya",
    "shortDescription": "Premium finish, large garden and garage.",
    "longDescription": "High-end family property with excellent schools nearby.",
    "location": "Nuwara Eliya, Sri Lanka",
    "mainImage": "/images/p5/1.jpg",
    "images": ["/images/p5/1.jpg","/images/p5/2.jpg","/images/p5/3.jpg","/images/p5/4.jpg","/images/p5/5.jpg","/images/p5/6.jpg","/images/p5/7.jpg"],
    "floorPlan": "/images/p5/floorplan.jpg",
    "mapEmbedUrl": "https://maps.google.com/maps?q=Nuwara%20Eliya%20Sri%20Lanka&output=embed"
  },
  {
    "id": "p6",
    "type": "flat",
    "price": 560000,
    "bedrooms": 3,
    "dateAdded": "2026-12-20",
    "postcodeArea": "BTM",
    "title": "3-bed Flat in Battaramulla",
    "shortDescription": "River-side apartment with concierge.",
    "longDescription": "Great views, big rooms, excellent facilities.",
    "location": "Battaramulla, Sri Lanka",
    "mainImage": "/images/p6/1.jpg",
    "images": ["/images/p6/1.jpg","/images/p6/2.jpg","/images/p6/3.jpg","/images/p6/4.jpg","/images/p6/5.jpg","/images/p6/6.jpg"],
    "floorPlan": "/images/p6/floorplan.jpg",
    "mapEmbedUrl": "https://maps.google.com/maps?q=Battaramulla%20Sri%20Lanka&output=embed"
  },
  {
    "id": "p7",
    "type": "house",
    "price": 480000,
    "bedrooms": 2,
    "dateAdded": "2026-11-05",
    "postcodeArea": "JFN",
    "title": "2-bed House in Jaffna",
    "shortDescription": "Cozy home with modern kitchen.",
    "longDescription": "Perfect for couples/small families. Quiet street, great access.",
    "location": "Jaffna, Sri Lanka",
    "mainImage": "/images/p7/1.jpg",
    "images": ["/images/p7/1.jpg","/images/p7/2.jpg","/images/p7/3.jpg","/images/p7/4.jpg","/images/p7/5.jpg","/images/p7/6.jpg"],
    "floorPlan": "/images/p7/floorplan.jpg",
    "mapEmbedUrl": "https://maps.google.com/maps?q=Jaffna%20Sri%20Lanka&output=embed"
  }
]
